Retry_Number,Normalized_MAD_median_mean,Normalized_MAD_median_median,Normalized_MAD_mean_mean,Normalized_MAD_mean_median,Normalized_MAD_std_mean,Normalized_MAD_std_median,Normalized_MAD_IQR_mean,Normalized_MAD_IQR_median
1,0.2614017261312918,0.1606849394975382,0.31133142846830475,0.1966245075909753,0.20562105245736712,0.1808521319026739,0.24974927727177487,0.24920928219609806
2,0.19674867432691578,0.139726130368412,0.24210992214270455,0.1993742628072323,0.18909044205346534,0.19111700948619736,0.19503464568781537,0.1921398060354235
3,0.17595069729450927,0.14087434257450884,0.22306358413114855,0.19364576250098975,0.1938241739175206,0.19360872471033375,0.21054647233942209,0.2071747398329927
4,0.14614656967459097,0.14798691933313068,0.18785603925044994,0.17536452799923313,0.16839203624990126,0.17834261975591284,0.18802082326459998,0.20706148446449363
5,0.14054451750793182,0.1343674305234004,0.19274956396269552,0.1952068294521156,0.16859163022904186,0.18556231330160217,0.21455205527331803,0.2415898125622591
