{
    "time": 1.0,
    "perf_time": 1.0085848834951456,
    "instructions": 4610518964.165931,
    "cycles": 4097176516.063548,
    "cache-references": 166148642.18887907,
    "cache-misses": 1658192.1447484554,
    "branches": 762455223.3892322,
    "branch-misses": 88606916.68137687,
    "cpu-clock": 1.0042153283318622,
    "task-clock": 1.0081667563989407,
    "faults": 955.3398058252427,
    "minor-faults": 954.1924095322154,
    "major-faults": 0.529567519858782,
    "cs": 11.20917917034422,
    "migrations": 0.176522506619594,
    "L1-dcache-loads": 2539205936.0105915,
    "L1-dcache-load-misses": 122478585.43689321,
    "dTLB-loads": 23588519.947043248,
    "dTLB-load-misses": 502397.9699911739,
    "weights": 2433332136.8049426,
    "energy": 7846066.195939982
}