{
"time": 11.33,
"perf_time": 11.42726673,
"instructions": 52237179864.00000000,
"cycles": 46421009927.00000000,
"cache-references": 1882464116.00000000,
"cache-misses": 18787317.00000000,
"branches": 8638617681.00000000,
"branch-misses": 1003916366.00000000,
"cpu-clock": 11.37775967,
"task-clock": 11.42252935,
"faults": 10824.00000000,
"minor-faults": 10811.00000000,
"major-faults": 6.00000000,
"cs": 127.00000000,
"migrations": 2.00000000,
"L1-dcache-loads": 28769203255.00000000,
"L1-dcache-load-misses": 1387682373.00000000,
"dTLB-loads": 267257931.00000000,
"dTLB-load-misses": 5692169.00000000,
"weights": 27569653110.00000000,
"energy": 88895930.00000000
}
