{
"time": [11.35,11.26,11.28,11.26,11.38,11.42,11.36,11.30,11.33,11.32,11.31,11.27,11.27,11.33,11.40,11.42,11.31,11.49,11.38,11.44,11.34],
"perf_time": [11.53623680,11.43345214,11.31040501,11.50628877,11.40517802,11.34763572,11.36284873,11.40968750,11.47504589,11.42951431,11.47230487,11.33973165,11.57349311,11.36552042,11.47417885,11.37082574,11.42995558,11.34252694,11.42726673,11.54242149,11.42512832],
"instructions": [52237920589.00000000,52239018836.00000000,52237703518.00000000,52236693070.00000000,52237179864.00000000,52236846314.00000000,52237497344.00000000,52236452529.00000000,52239181013.00000000,52236350135.00000000,52237147964.00000000,52236592852.00000000,52238108777.00000000,52239013387.00000000,52238120193.00000000,52238042619.00000000,52235806730.00000000,52236937901.00000000,52237999982.00000000,52236957798.00000000,52235632872.00000000],
"cycles": [46367192149.00000000,46585931898.00000000,46587931514.00000000,46526420687.00000000,46380284579.00000000,46491797671.00000000,46353787428.00000000,46503597552.00000000,46388222331.00000000,46407729978.00000000,46386929047.00000000,46398896063.00000000,46469723131.00000000,46644539219.00000000,46447265202.00000000,46421009927.00000000,46342987190.00000000,46442892297.00000000,46517131513.00000000,46390634339.00000000,46377507665.00000000],
"cache-references": [2068298453.00000000,1973940504.00000000,1671493756.00000000,1593486707.00000000,1914841044.00000000,1668983491.00000000,1792950674.00000000,1916253441.00000000,1698557954.00000000,1903822722.00000000,1864158209.00000000,1993895885.00000000,1943284169.00000000,1644151570.00000000,1887529780.00000000,1613145928.00000000,1792302222.00000000,2026978267.00000000,1933534490.00000000,1882464116.00000000,1741170350.00000000],
"cache-misses": [25896151.00000000,16971916.00000000,20539965.00000000,15940831.00000000,19513907.00000000,20278867.00000000,15891833.00000000,16495433.00000000,19048091.00000000,19633008.00000000,18787317.00000000,15160292.00000000,18481347.00000000,16773422.00000000,18600305.00000000,19959641.00000000,18792252.00000000,15332423.00000000,19933243.00000000,17705260.00000000,20385047.00000000],
"branches": [8638843091.00000000,8638728478.00000000,8638577787.00000000,8638634861.00000000,8638565203.00000000,8638714522.00000000,8638631074.00000000,8638612387.00000000,8638495545.00000000,8638464338.00000000,8638499337.00000000,8638665868.00000000,8638479719.00000000,8639002963.00000000,8638451472.00000000,8638632948.00000000,8638497600.00000000,8638617681.00000000,8638646482.00000000,8638732346.00000000,8638595979.00000000],
"branch-misses": [1002221512.00000000,1012379800.00000000,1006907905.00000000,999165858.00000000,1003916366.00000000,998926339.00000000,1001992207.00000000,1005220840.00000000,1010559921.00000000,1002058697.00000000,1012709272.00000000,1008060882.00000000,1003906163.00000000,998341366.00000000,1000798972.00000000,998114613.00000000,1009193372.00000000,1009955092.00000000,1005119349.00000000,998988979.00000000,1012561337.00000000],
"cpu-clock": [11.27001562,11.30460437,11.33565322,11.35510266,11.33591213,11.41608387,11.38072148,11.35977002,11.51915588,11.49800558,11.30552287,11.38594038,11.37400543,11.45983126,11.48801400,11.34979219,11.31841850,11.51703687,11.37775967,11.53770924,11.66618831],
"task-clock": [11.42328798,11.41180051,11.50572610,11.53533348,11.35079520,11.58741308,11.38421381,11.47202876,11.29928665,11.62702300,11.42452692,11.45124841,11.33845321,11.30579470,11.39970940,11.42252935,11.31827791,11.46916068,11.37836116,11.58430481,11.41453708],
"faults": [10807.00000000,10824.00000000,10850.00000000,10825.00000000,10838.00000000,10803.00000000,10859.00000000,10811.00000000,10813.00000000,10786.00000000,10827.00000000,10782.00000000,10831.00000000,10796.00000000,10810.00000000,10809.00000000,10793.00000000,10825.00000000,10855.00000000,10846.00000000,10843.00000000],
"minor-faults": [10800.00000000,10816.00000000,10784.00000000,10820.00000000,10832.00000000,10775.00000000,10806.00000000,10806.00000000,10804.00000000,10831.00000000,10808.00000000,10844.00000000,10821.00000000,10807.00000000,10822.00000000,10782.00000000,10784.00000000,10835.00000000,10811.00000000,10831.00000000,10825.00000000],
"major-faults": [6.00000000,6.00000000,6.00000000,6.00000000,6.00000000,6.00000000,6.00000000,6.00000000,6.00000000,6.00000000,6.00000000,6.00000000,6.00000000,6.00000000,6.00000000,6.00000000,6.00000000,6.00000000,6.00000000,6.00000000,6.00000000],
"cs": [155.00000000,116.00000000,347.00000000,108.00000000,191.00000000,126.00000000,133.00000000,218.00000000,112.00000000,119.00000000,101.00000000,110.00000000,214.00000000,125.00000000,127.00000000,127.00000000,114.00000000,210.00000000,133.00000000,153.00000000,231.00000000],
"migrations": [0.00000000,0.00000000,8.00000000,0.00000000,2.00000000,2.00000000,0.00000000,2.00000000,0.00000000,1.00000000,0.00000000,2.00000000,6.00000000,1.00000000,2.00000000,0.00000000,2.00000000,0.00000000,6.00000000,4.00000000,2.00000000],
"L1-dcache-loads": [28750124330.00000000,28790930259.00000000,28749977506.00000000,28731913329.00000000,28752004494.00000000,28808277749.00000000,28771154919.00000000,28829334630.00000000,28771889742.00000000,28773300510.00000000,28771024220.00000000,28749177541.00000000,28794576446.00000000,28771167121.00000000,28742184023.00000000,28763490881.00000000,28727817880.00000000,28728947107.00000000,28769203255.00000000,28774149088.00000000,28733759727.00000000],
"L1-dcache-load-misses": [1545835149.00000000,1265962644.00000000,1517351233.00000000,1314164956.00000000,1424174173.00000000,1298906661.00000000,1282421256.00000000,1324938418.00000000,1531497691.00000000,1313087477.00000000,1387682373.00000000,1335735342.00000000,1426425943.00000000,1413064503.00000000,1436283480.00000000,1447692953.00000000,1344946950.00000000,1467081084.00000000,1512833028.00000000,1302341239.00000000,1373421958.00000000],
"dTLB-loads": [269488482.00000000,266388828.00000000,267519728.00000000,267706348.00000000,270042631.00000000,266055169.00000000,269332696.00000000,268134665.00000000,266820460.00000000,265685807.00000000,265738966.00000000,265578106.00000000,266692968.00000000,269103896.00000000,266347949.00000000,267257931.00000000,266618845.00000000,266863992.00000000,267769342.00000000,267317305.00000000,268348567.00000000],
"dTLB-load-misses": [5683860.00000000,5692169.00000000,6007089.00000000,5704912.00000000,5911613.00000000,5900825.00000000,5166831.00000000,5650346.00000000,5581301.00000000,5578178.00000000,5189124.00000000,6013616.00000000,5692340.00000000,5636090.00000000,5674901.00000000,5807349.00000000,5962000.00000000,5606041.00000000,5421143.00000000,5985483.00000000,5724911.00000000],
"weights": [27752419525.00000000,28017074894.00000000,27634588070.00000000,27427930538.00000000,27628231256.00000000,27212972775.00000000,28147211493.00000000,27711636029.00000000,27754296825.00000000,27342381640.00000000,27055104219.00000000,27569653110.00000000,27483925752.00000000,27537924420.00000000,27317809448.00000000,27382358349.00000000,27562714290.00000000,27270882181.00000000,27647304367.00000000,27927981014.00000000,27880892703.00000000],
"energy": [88872739.00000000,89349734.00000000,88940042.00000000,88644189.00000000,88810333.00000000,88562132.00000000,88999380.00000000,88985556.00000000,89442884.00000000,89370485.00000000,89011052.00000000,88437580.00000000,89021122.00000000,89431792.00000000,88895930.00000000,88679160.00000000,88701697.00000000,88597576.00000000,88447910.00000000,88810776.00000000,89007833.00000000]
}
