{
    "time": 0.5525172826386673,
    "perf_time": 0.622039709982142,
    "instructions": 0.0018775412382798387,
    "cycles": 0.17888532912012525,
    "cache-references": 7.617630595963523,
    "cache-misses": 12.702458520873869,
    "branches": 0.001506364035848885,
    "branch-misses": 0.48595584372558615,
    "cpu-clock": 0.8457721307661971,
    "task-clock": 0.7955809680251564,
    "faults": 0.20284443531230645,
    "minor-faults": 0.1719873132871624,
    "major-faults": 0.0,
    "cs": 37.6500169649339,
    "migrations": 117.84523749392675,
    "L1-dcache-loads": 0.08984540023902682,
    "L1-dcache-load-misses": 6.1422616925584625,
    "dTLB-loads": 0.47845564254595113,
    "dTLB-load-misses": 4.033248866194969,
    "weights": 0.9740172379828773,
    "energy": 0.3340281270796193
}