{
    "original": {
        "median_execution_time": 9.350764871000138,
        "search_type": "genetic_programming"
    },
    "items": [
        {
            "item_name": "time",
            "median_execution_time": 6.275982522000049,
            "duration": 1613.285887158001,
            "patch_contents": "ParamSetting(('lpg.params', 'param', 'static_noise'), 'None') | ParamSetting(('lpg.params', 'param', 'lowmemory'), 'True') | ParamSetting(('lpg.params', 'param', 'noise'), 0.05071109975798627) | ParamSetting(('lpg.params', 'param', 'search_steps'), 889) | ParamSetting(('lpg.params', 'param', 'restarts'), 17) | ParamSetting(('lpg.params', 'param', 'repeats'), 4)\n",
            "number_of_retries": 1,
            "crossover": "llm",
            "number_of_steps": 120,
            "best_fitness": 5.9927,
            "reference_fitness": 9.4422,
            "params": false,
            "fitness_values": [
                6.1969,
                9.5893,
                9.5399,
                9.4134,
                9.5189,
                9.4422,
                8.1513,
                9.5584,
                9.4422,
                9.5033,
                9.4422,
                9.6304,
                6.2431,
                6.1969,
                6.2431,
                8.1513,
                9.4134,
                6.0941,
                6.2431,
                6.2469,
                6.224,
                6.0971,
                6.3057,
                6.2268,
                6.2268,
                6.1962,
                6.2049,
                9.4422,
                9.4422,
                9.4295,
                9.4295,
                25.2544,
                6.0941,
                6.0971,
                6.1962,
                6.1969,
                5.9927,
                5.9927,
                6.1895,
                6.0596,
                5.9927,
                6.0941,
                6.1799,
                6.0596,
                6.296,
                6.1474,
                6.1969,
                6.1954,
                14.4814,
                9.4422,
                9.5902,
                28.2612,
                5.9927,
                5.9927,
                5.9927,
                6.0596,
                5.9927,
                5.9927,
                6.0477,
                5.9927,
                5.9927,
                5.9927,
                5.9927,
                5.9927,
                6.0477,
                5.9927,
                5.9954,
                7.934,
                9.5912,
                5.9927,
                5.9927,
                5.9927,
                5.9927,
                5.9927,
                5.9954,
                5.9927,
                5.9927,
                5.9954,
                5.9927,
                5.9927,
                5.9927,
                6.2308,
                5.9951,
                8.0094,
                9.0449,
                5.9927,
                5.9927,
                5.9927,
                5.9927,
                5.9927,
                5.9927,
                5.9927,
                5.9927,
                5.9927,
                5.9927,
                5.9927,
                5.9927,
                6.2308,
                6.0477,
                6.1029,
                6.0954,
                9.4422,
                9.4422,
                9.5576,
                5.9927,
                5.9927,
                5.9927,
                5.9927,
                5.9927,
                5.9927,
                6.1029,
                5.9927,
                6.0954,
                5.9927,
                5.9927,
                5.9927,
                8.0094,
                6.2308,
                6.0477,
                8.0094,
                9.5584,
                6.3347,
                10.1158,
                9.5584,
                5.9927,
                5.9927,
                5.9927,
                5.9927,
                5.9927,
                5.9927,
                5.9927,
                5.9927,
                6.0954,
                5.9927,
                5.9927,
                5.9927,
                5.9927,
                6.2308,
                6.0477,
                6.0099,
                9.4423,
                9.5189,
                28.1414,
                5.9927,
                5.9927,
                5.9927,
                5.9927,
                5.9927,
                5.9927,
                5.9927,
                5.9927,
                5.9927,
                5.9927,
                5.9927,
                5.9927,
                5.9927,
                5.9927,
                8.0094,
                6.0954,
                9.5692,
                9.4259,
                23.8581,
                9.4295,
                5.9927,
                5.9927,
                5.9927,
                5.9927,
                5.9927,
                5.9927,
                5.9927,
                5.9927,
                5.9927,
                5.9927,
                5.9927,
                5.9927,
                5.9927,
                6.0099,
                6.2308,
                6.0026,
                9.1806,
                16.1219,
                9.5584,
                9.4134,
                5.9927,
                5.9927,
                5.9927,
                5.9927,
                5.9927,
                5.9927,
                5.9927,
                5.9927,
                5.9927,
                5.9927,
                5.9927,
                5.9927,
                6.0099,
                5.9927,
                5.9951,
                6.5925,
                9.4019,
                9.4452,
                9.4316
            ],
            "new_highs": 2,
            "new_highs_ratio": 0.009900990099009901
        }
    ]
}