{
    "time": 1.0,
    "perf_time": 1.006761771547248,
    "instructions": 10391210793.354101,
    "cycles": 7443187273.727933,
    "cache-references": 757412032.3987539,
    "cache-misses": 17348045.89823468,
    "branches": 1937573963.7590861,
    "branch-misses": 12699306.022845274,
    "cpu-clock": 1.0055890467289719,
    "task-clock": 0.9867385815160954,
    "faults": 6604.569055036344,
    "minor-faults": 6552.128764278296,
    "major-faults": 52.95950155763239,
    "cs": 242.3676012461059,
    "migrations": 4.880581516095535,
    "L1-dcache-loads": 4180107948.07892,
    "L1-dcache-load-misses": 92588227.41433021,
    "dTLB-loads": 62243352.336448595,
    "dTLB-load-misses": 658842.7829698857,
    "weights": 1843007493.3541017,
    "energy": 9769784.527518172
}