{
"time": 9.63,
"perf_time": 9.69511586,
"instructions": 100067359940.00000000,
"cycles": 71677893446.00000000,
"cache-references": 7293877872.00000000,
"cache-misses": 167061682.00000000,
"branches": 18658837271.00000000,
"branch-misses": 122294317.00000000,
"cpu-clock": 9.68382252,
"task-clock": 9.50229254,
"faults": 63602.00000000,
"minor-faults": 63097.00000000,
"major-faults": 510.00000000,
"cs": 2334.00000000,
"migrations": 47.00000000,
"L1-dcache-loads": 40254439540.00000000,
"L1-dcache-load-misses": 891624630.00000000,
"dTLB-loads": 599403483.00000000,
"dTLB-load-misses": 6344656.00000000,
"weights": 17748162161.00000000,
"energy": 94083025.00000000
}
