{
"time": [9.54,8.75,10.49,9.83,9.72,10.82,9.35,9.63,9.83,9.54,10.53,9.78,9.93,9.15,8.97,9.62,9.17,9.37,10.33,9.27,9.80],
"perf_time": [9.52652949,8.92907066,9.84851867,10.44052345,9.94376185,8.91161614,9.37794608,8.37669138,9.35396070,9.92283419,9.50927059,9.69511586,9.67668914,11.79894072,9.75295729,10.70814587,9.18813453,9.69878972,10.21517602,9.36800452,9.90689361],
"instructions": [90712115376.00000000,98659594359.00000000,102942157498.00000000,101463357989.00000000,97394477704.00000000,100229543369.00000000,97314568779.00000000,103795568562.00000000,98418078939.00000000,105460841617.00000000,104661972544.00000000,102798171492.00000000,107081508531.00000000,100067359940.00000000,105678145101.00000000,95574904332.00000000,98640463452.00000000,92991929187.00000000,106462788018.00000000,98707576918.00000000,99029382928.00000000],
"cycles": [71512550811.00000000,71212783970.00000000,74511410581.00000000,73078228164.00000000,72255102014.00000000,69078034580.00000000,71340280607.00000000,73664257866.00000000,68132962495.00000000,69149188498.00000000,74909219279.00000000,71677893446.00000000,69364118131.00000000,71675008894.00000000,71804613212.00000000,68290247777.00000000,71661224102.00000000,77953348604.00000000,71956491657.00000000,77093316206.00000000,72977590103.00000000],
"cache-references": [7502694535.00000000,7018683547.00000000,7488066817.00000000,7484254405.00000000,7417972327.00000000,6850947644.00000000,7196898480.00000000,7293877872.00000000,7589002023.00000000,6750156855.00000000,7173379718.00000000,7056655292.00000000,7715726625.00000000,7045864680.00000000,6747414771.00000000,6783774386.00000000,6970317100.00000000,7858250577.00000000,7381690109.00000000,7342313146.00000000,7500243863.00000000],
"cache-misses": [174639274.00000000,194055361.00000000,162480824.00000000,204344455.00000000,161082382.00000000,158728186.00000000,168114637.00000000,163171317.00000000,169524421.00000000,178022178.00000000,210865443.00000000,166171464.00000000,165369868.00000000,178076554.00000000,167061682.00000000,166075719.00000000,191703774.00000000,161282558.00000000,168710703.00000000,159849580.00000000,165386797.00000000],
"branches": [19817485358.00000000,18201999873.00000000,17751743426.00000000,18363392589.00000000,20043895254.00000000,19763106357.00000000,19109537903.00000000,19590194732.00000000,18425292506.00000000,19107602320.00000000,18658837271.00000000,19241414545.00000000,17775827788.00000000,19567138286.00000000,20336752566.00000000,17891425994.00000000,17417792924.00000000,20133796766.00000000,17876754835.00000000,18395283245.00000000,17162294833.00000000],
"branch-misses": [119209146.00000000,126910543.00000000,119790840.00000000,122294317.00000000,122434642.00000000,121881333.00000000,122055694.00000000,119992679.00000000,126110988.00000000,121031753.00000000,129026470.00000000,119390733.00000000,125030385.00000000,125048595.00000000,118221298.00000000,128097657.00000000,120527787.00000000,123028690.00000000,129137243.00000000,123735660.00000000,119113944.00000000],
"cpu-clock": [10.59171612,9.10092735,10.82820456,9.10088566,10.28953694,9.91741171,9.52991651,9.88638542,9.79820990,10.03493021,9.22125228,8.93929179,9.68382252,8.54199081,9.56362450,10.48856852,8.99212155,10.06021652,9.66282628,9.57039861,9.82583073],
"task-clock": [10.26797379,9.23993587,9.90291874,10.16200907,9.40445378,9.43013092,9.16293852,9.05504498,9.87170646,10.48339426,10.32141878,9.07681423,9.63513484,8.94255073,9.20771432,9.50229254,9.09518479,9.97315217,9.71205663,9.70803496,8.71910494],
"faults": [63597.00000000,63583.00000000,63606.00000000,63579.00000000,63564.00000000,63623.00000000,63587.00000000,63610.00000000,63602.00000000,63602.00000000,63607.00000000,63616.00000000,63606.00000000,63622.00000000,63598.00000000,63619.00000000,63637.00000000,63602.00000000,63599.00000000,63587.00000000,63619.00000000],
"minor-faults": [63067.00000000,63097.00000000,63095.00000000,63115.00000000,63077.00000000,63076.00000000,63069.00000000,63098.00000000,63105.00000000,63085.00000000,63098.00000000,63076.00000000,63099.00000000,63121.00000000,63110.00000000,63085.00000000,63106.00000000,63097.00000000,63129.00000000,63126.00000000,63081.00000000],
"major-faults": [510.00000000,510.00000000,510.00000000,510.00000000,510.00000000,508.00000000,508.00000000,507.00000000,509.00000000,511.00000000,510.00000000,510.00000000,509.00000000,512.00000000,510.00000000,510.00000000,512.00000000,513.00000000,510.00000000,510.00000000,511.00000000],
"cs": [2772.00000000,2338.00000000,2267.00000000,2242.00000000,2296.00000000,2463.00000000,2596.00000000,2272.00000000,2359.00000000,2449.00000000,2162.00000000,12376.00000000,2305.00000000,2334.00000000,21705.00000000,2364.00000000,2212.00000000,2367.00000000,2329.00000000,2327.00000000,2182.00000000],
"migrations": [41.00000000,47.00000000,49.00000000,39.00000000,68.00000000,47.00000000,41.00000000,67.00000000,57.00000000,40.00000000,52.00000000,40.00000000,52.00000000,61.00000000,35.00000000,41.00000000,47.00000000,31.00000000,45.00000000,47.00000000,50.00000000],
"L1-dcache-loads": [37847980100.00000000,43694875111.00000000,40377719692.00000000,39536851711.00000000,38485165272.00000000,37893949295.00000000,40791641560.00000000,37853807002.00000000,39094684639.00000000,44859910511.00000000,41120795173.00000000,38921274445.00000000,40626225892.00000000,42467690889.00000000,38321873044.00000000,40839689045.00000000,38581494597.00000000,41117105049.00000000,41892374533.00000000,40254439540.00000000,37291510746.00000000],
"L1-dcache-load-misses": [959521218.00000000,810097982.00000000,918013117.00000000,880443226.00000000,1004867312.00000000,897220305.00000000,886119115.00000000,887004347.00000000,935759133.00000000,848545107.00000000,845853837.00000000,950592641.00000000,942597011.00000000,864184242.00000000,891624630.00000000,900281138.00000000,999981282.00000000,833103509.00000000,921355119.00000000,810376528.00000000,857364252.00000000],
"dTLB-loads": [595273138.00000000,616505931.00000000,616581191.00000000,561022459.00000000,560530897.00000000,598243457.00000000,618450512.00000000,614473377.00000000,599403483.00000000,564964340.00000000,579354789.00000000,615423769.00000000,617680873.00000000,642671604.00000000,603909309.00000000,581502461.00000000,628958294.00000000,655232700.00000000,563009704.00000000,585018044.00000000,556523413.00000000],
"dTLB-load-misses": [6274589.00000000,6291023.00000000,6749840.00000000,6557626.00000000,6816313.00000000,8288517.00000000,5650911.00000000,7522549.00000000,6607358.00000000,6630760.00000000,5863256.00000000,6351120.00000000,5835158.00000000,6344656.00000000,6236635.00000000,5989692.00000000,5419533.00000000,6322261.00000000,6422883.00000000,6769482.00000000,6292990.00000000],
"weights": [18667705140.00000000,20084515477.00000000,16134580894.00000000,17113723845.00000000,17875696144.00000000,19966951763.00000000,19395672294.00000000,17585196022.00000000,17748162161.00000000,19146452354.00000000,20220057006.00000000,18252321707.00000000,16965436754.00000000,17218339787.00000000,19238710237.00000000,19720608004.00000000,17458516999.00000000,17296411924.00000000,16762723947.00000000,15919324148.00000000,17320459963.00000000],
"energy": [100248493.00000000,105366819.00000000,96732897.00000000,90899657.00000000,97947846.00000000,91792022.00000000,90124658.00000000,87722941.00000000,86631537.00000000,95277482.00000000,94083025.00000000,92537222.00000000,86049902.00000000,90964626.00000000,102259680.00000000,100435937.00000000,91298135.00000000,97078766.00000000,103201740.00000000,106574017.00000000,77734521.00000000]
}
