{
    "time": 5.312738935960656,
    "perf_time": 7.109959722506883,
    "instructions": 4.256505690272369,
    "cycles": 3.5186347219171283,
    "cache-references": 4.357892442049982,
    "cache-misses": 8.388238970063746,
    "branches": 4.999785151589353,
    "branch-misses": 2.699660258023352,
    "cpu-clock": 5.877251803756038,
    "task-clock": 5.077158436830627,
    "faults": 0.026061105820797424,
    "minor-faults": 0.02803156449458905,
    "major-faults": 0.2637618467194311,
    "cs": 121.3411725880806,
    "migrations": 19.87223895623925,
    "L1-dcache-loads": 4.915280914460976,
    "L1-dcache-load-misses": 6.001839699753497,
    "dTLB-loads": 4.598784600745366,
    "dTLB-load-misses": 9.41642081385668,
    "weights": 7.08248462128635,
    "energy": 7.368685073641952
}