{
    "original": {
        "median_execution_time": 0.1771477220008819,
        "search_type": "genetic_programming"
    },
    "items": [
        {
            "item_name": "time",
            "median_execution_time": 0.1500971989989921,
            "duration": 2067.4997408159998,
            "patch_contents": "SrcmlStmtInsertion(('src/main/java/weka/classifiers/trees/RandomForest.java.xml', '_inter_block', 169), ('src/main/java/weka/classifiers/trees/RandomForest.java.xml', 'stmt', 116))\n",
            "number_of_retries": 1,
            "crossover": "llm",
            "number_of_steps": 110,
            "best_fitness": 7.5171,
            "reference_fitness": 7.6044,
            "params": false,
            "fitness_values": [
                7.6829,
                7.6779,
                7.6533,
                7.645,
                7.645,
                7.6533,
                7.6779,
                7.6829,
                7.6458,
                7.6398,
                7.6398,
                7.6398,
                7.5758,
                7.6458,
                7.6718,
                7.6906,
                7.6636,
                7.6921,
                7.5758,
                7.6398,
                7.645,
                7.6458,
                7.6052,
                7.6052,
                7.6458,
                7.6465,
                7.562,
                7.6458,
                7.5872,
                7.6465,
                7.6922,
                7.6591,
                7.562,
                7.5758,
                7.5872,
                7.6052,
                7.5872,
                7.6395,
                7.6052,
                7.6052,
                7.5427,
                7.6052,
                7.6052,
                7.6052,
                7.5637,
                7.6152,
                7.6011,
                7.689,
                9.4657,
                7.5427,
                7.562,
                7.5637,
                7.5758,
                7.5427,
                7.5427,
                7.6646,
                7.5427,
                7.5872,
                7.5427,
                7.5872,
                7.5427,
                7.6229,
                7.6636,
                7.6398,
                7.6731,
                7.5427,
                7.5427,
                7.562,
                7.5637,
                7.5591,
                7.5872,
                7.5427,
                7.5427,
                7.5427,
                7.5427,
                7.5427,
                7.5427,
                7.562,
                7.5526,
                7.6945,
                9.4657,
                7.5427,
                7.5427,
                7.5526,
                7.5591,
                7.5427,
                7.5526,
                7.5526,
                7.6646,
                7.5427,
                7.5526,
                7.5427,
                7.5427,
                7.6067,
                7.5427,
                7.5427,
                7.5427,
                7.5427,
                7.5526,
                7.5526,
                7.5526,
                7.5427,
                7.5427,
                7.6646,
                7.5526,
                7.5526,
                7.5526,
                7.5427,
                7.6067,
                7.6509,
                7.5427,
                7.6289,
                7.5171,
                7.5171,
                7.5427,
                7.5427,
                7.5427,
                7.5427,
                7.5427,
                7.676,
                7.5427,
                7.6178,
                7.5526,
                7.5427,
                7.5427,
                7.5637,
                7.5944,
                7.5974,
                7.5171,
                7.5427,
                7.5427,
                7.5427,
                7.6178,
                7.6178,
                7.5427,
                7.6178,
                7.5792,
                7.6178,
                7.6178,
                7.5427,
                7.6044,
                7.5347,
                7.633,
                7.696,
                7.6114,
                7.7481
            ],
            "new_highs": 8,
            "new_highs_ratio": 0.0547945205479452
        }
    ]
}