{
    "original": {
        "median_execution_time": 11.593046246000085,
        "search_type": "genetic_programming"
    },
    "items": [
        {
            "item_name": "time",
            "median_execution_time": 1.8108544820001953,
            "duration": 1103.712904193,
            "patch_contents": "ParamSetting(('minisat_simplified.params', 'param', 'luby'), 'False') | ParamSetting(('minisat_simplified.params', 'param', 'rinc'), 11210.985365206803) | ParamSetting(('minisat_simplified.params', 'param', 'verb'), '0') | ParamSetting(('minisat_simplified.params', 'param', 'cl-lim'), 48830)\n",
            "number_of_retries": 1,
            "crossover": "llm",
            "number_of_steps": 120,
            "best_fitness": 1.7772,
            "reference_fitness": 11.5363,
            "params": false,
            "fitness_values": [
                10.7581,
                14.0873,
                11.5363,
                11.5363,
                11.5187,
                2.0851,
                4.2586,
                29.9361,
                11.5601,
                11.5068,
                2.1181,
                15.8452,
                11.5363,
                11.5768,
                28.9076,
                2.3685,
                2.0851,
                2.1181,
                2.3685,
                4.2586,
                1.7866,
                2.7621,
                1.9806,
                2.2645,
                2.2473,
                2.4293,
                2.2134,
                2.4293,
                2.2645,
                11.5363,
                11.5363,
                11.5363,
                10.9085,
                11.9061,
                11.5219,
                11.9061,
                1.7866,
                1.9806,
                2.0851,
                2.1181,
                1.8068,
                1.8068,
                1.7866,
                2.1614,
                2.1614,
                1.9552,
                1.8068,
                1.9552,
                1.8686,
                2.0049,
                2.0649,
                11.5363,
                8.4919,
                13.9802,
                11.4067,
                13.9507,
                1.7866,
                1.8068,
                1.8068,
                1.8068,
                1.8068,
                1.8068,
                1.9924,
                1.9552,
                1.8068,
                1.8068,
                1.9924,
                1.9552,
                1.8839,
                2.3098,
                1.8528,
                1.8478,
                18.2198,
                2.029,
                11.5508,
                11.5363,
                1.7866,
                1.8068,
                1.8068,
                1.8068,
                1.8068,
                1.8068,
                1.7943,
                1.8068,
                1.7998,
                1.7943,
                1.8068,
                1.8068,
                2.0062,
                1.8528,
                4.3908,
                1.8121,
                11.5169,
                8.9858,
                11.577,
                11.253,
                1.7866,
                1.7943,
                1.7943,
                1.7998,
                1.7943,
                1.7943,
                1.7943,
                1.7943,
                1.7943,
                1.7943,
                1.7943,
                1.8068,
                2.2968,
                1.8386,
                2.265,
                1.7866,
                2.0543,
                11.5187,
                11.4988,
                10.6273,
                1.7866,
                1.7866,
                1.7943,
                1.7943,
                1.7943,
                1.7943,
                1.7943,
                1.7943,
                1.7943,
                1.7943,
                1.7998,
                1.7943,
                1.7866,
                2.032,
                1.8386,
                1.8839,
                11.397,
                10.7581,
                11.0552,
                1.7866,
                1.7866,
                1.7866,
                1.7943,
                1.7943,
                1.7943,
                1.7943,
                1.8839,
                1.7943,
                1.8839,
                1.7943,
                1.8839,
                1.7818,
                2.032,
                2.0966,
                1.9814,
                14.1926,
                11.2228,
                18.4378,
                10.6273,
                1.7818,
                1.7866,
                1.7866,
                1.7866,
                1.7943,
                1.7866,
                1.8839,
                1.7943,
                1.7943,
                1.8839,
                1.7943,
                1.8839,
                1.7818,
                1.817,
                2.2968,
                2.2968,
                11.4699,
                11.4574,
                4.115,
                2.0888,
                1.7818,
                1.7818,
                1.7866,
                1.7866,
                1.7943,
                1.7866,
                1.7866,
                1.7866,
                1.7943,
                1.7866,
                1.7943,
                1.7866,
                4.1488,
                1.7866,
                1.804,
                5.4187,
                11.4676,
                10.7581,
                11.5187,
                2.1676,
                1.7818,
                1.7818,
                1.7866,
                1.7866,
                1.7924,
                1.7998,
                1.7866,
                1.7943,
                1.7943,
                1.7866,
                1.8839,
                1.7924,
                1.8661,
                1.7818,
                1.8686,
                1.7772,
                10.2488,
                11.4175,
                11.5363,
                11.5363
            ],
            "new_highs": 4,
            "new_highs_ratio": 0.018604651162790697
        }
    ]
}