{
    "time": 1.0,
    "perf_time": 1.0081436259220231,
    "instructions": 8229533462.6975765,
    "cycles": 4059480551.527924,
    "cache-references": 260603567.22866175,
    "cache-misses": 47271717.17597471,
    "branches": 1807176557.4288723,
    "branch-misses": 14169093.045310853,
    "cpu-clock": 1.003532248682824,
    "task-clock": 1.0040384510010536,
    "faults": 21745.31085353003,
    "minor-faults": 21738.04004214963,
    "major-faults": 7.165437302423603,
    "cs": 14.436248682824026,
    "migrations": 0.2107481559536354,
    "L1-dcache-loads": 3351622520.8640676,
    "L1-dcache-load-misses": 163957925.2897787,
    "dTLB-loads": 39480370.8113804,
    "dTLB-load-misses": 1000219.5995785036,
    "weights": 2922342667.650158,
    "energy": 7500083.561643835
}