{
"time": [9.41,9.39,9.49,9.46,9.49,9.54,9.54,9.49,9.49,9.49,9.54,9.48,9.45,9.47,9.42,9.48,9.53,9.45,9.52,9.52,9.48],
"perf_time": [9.56474775,9.54145952,9.52813354,9.60517183,9.51643132,9.57046850,9.48920170,9.59085074,9.59572557,9.58420389,9.58855218,9.60870408,9.59049560,9.56728301,9.51891392,9.59880602,9.56069775,9.54265067,9.60477143,9.52581032,9.54140378],
"instructions": [78096254564.00000000,78096680778.00000000,78098352371.00000000,78099087444.00000000,78095711238.00000000,78099051217.00000000,78100558571.00000000,78099287669.00000000,78097947936.00000000,78096313449.00000000,78096218852.00000000,78100501540.00000000,78100535200.00000000,78098272561.00000000,78097845496.00000000,78098308351.00000000,78098461799.00000000,78096977762.00000000,78103527579.00000000,78097196394.00000000,78096977101.00000000],
"cycles": [38638741893.00000000,38543648240.00000000,38524470434.00000000,38548578055.00000000,38497259559.00000000,38410484712.00000000,38419969173.00000000,38504449075.00000000,38576692724.00000000,38417403870.00000000,38629133357.00000000,38517803667.00000000,38570650518.00000000,38495937331.00000000,38643379361.00000000,38611155743.00000000,38557480985.00000000,38467586985.00000000,38603919589.00000000,38446538709.00000000,38497848822.00000000],
"cache-references": [2459101990.00000000,2462841036.00000000,2483613411.00000000,2474073376.00000000,2464999465.00000000,2480814723.00000000,2467028513.00000000,2465179662.00000000,2468524041.00000000,2482184033.00000000,2462542295.00000000,2473260859.00000000,2496092906.00000000,2462441433.00000000,2471573965.00000000,2476497304.00000000,2474004904.00000000,2473127853.00000000,2468350272.00000000,2493435099.00000000,2822360404.00000000],
"cache-misses": [449641224.00000000,449610043.00000000,447614051.00000000,447902001.00000000,440622146.00000000,448897510.00000000,448068509.00000000,450567141.00000000,448608596.00000000,448363700.00000000,449441824.00000000,449631229.00000000,447840600.00000000,447680928.00000000,448002254.00000000,448333577.00000000,449962945.00000000,449879251.00000000,448880218.00000000,447512373.00000000,449374243.00000000],
"branches": [17150271219.00000000,17150605550.00000000,17150019428.00000000,17150418643.00000000,17150382124.00000000,17150194101.00000000,17150004048.00000000,17149896746.00000000,17149987216.00000000,17150187253.00000000,17150105530.00000000,17149894520.00000000,17149956900.00000000,17149922095.00000000,17150340723.00000000,17150815838.00000000,17149959512.00000000,17149914699.00000000,17150432487.00000000,17150166101.00000000,17149958598.00000000],
"branch-misses": [134524329.00000000,134523093.00000000,134558836.00000000,134378981.00000000,134476030.00000000,134400194.00000000,134414176.00000000,134347059.00000000,134517935.00000000,134499697.00000000,134374575.00000000,134446479.00000000,134448623.00000000,134409372.00000000,134478932.00000000,134547287.00000000,134477358.00000000,134464693.00000000,134417079.00000000,134564250.00000000,134392506.00000000],
"cpu-clock": [9.48685661,9.61989032,9.57464812,9.43640120,9.50302739,9.69711390,9.58106910,9.55988102,9.47883876,9.47797887,9.55480128,9.52237584,9.54333589,9.50255086,9.55340737,9.46639768,9.48809337,9.54272156,9.52352104,9.48379237,9.53085137],
"task-clock": [9.49375336,9.49140102,9.60419802,9.46109277,9.51161236,9.55685805,9.56726052,9.48168733,9.52832490,9.57153617,9.55501311,9.55511459,9.54037424,9.56179972,9.52317686,9.46658178,9.50476723,9.51220602,9.49017899,9.54242257,9.53381644],
"faults": [206378.00000000,206362.00000000,206369.00000000,206380.00000000,206357.00000000,206352.00000000,206369.00000000,206359.00000000,206350.00000000,206375.00000000,206378.00000000,206370.00000000,206362.00000000,206375.00000000,206363.00000000,206362.00000000,206359.00000000,206370.00000000,206366.00000000,206343.00000000,206356.00000000],
"minor-faults": [206289.00000000,206286.00000000,206288.00000000,206298.00000000,206300.00000000,206297.00000000,206285.00000000,206284.00000000,206295.00000000,206300.00000000,206292.00000000,206304.00000000,206293.00000000,206295.00000000,206294.00000000,206303.00000000,206294.00000000,206285.00000000,206289.00000000,206303.00000000,206292.00000000],
"major-faults": [67.00000000,67.00000000,68.00000000,68.00000000,68.00000000,68.00000000,68.00000000,67.00000000,68.00000000,68.00000000,68.00000000,68.00000000,67.00000000,67.00000000,67.00000000,68.00000000,68.00000000,68.00000000,67.00000000,67.00000000,67.00000000],
"cs": [145.00000000,120.00000000,131.00000000,133.00000000,239.00000000,136.00000000,277.00000000,188.00000000,142.00000000,118.00000000,142.00000000,203.00000000,134.00000000,129.00000000,137.00000000,216.00000000,157.00000000,126.00000000,127.00000000,198.00000000,131.00000000],
"migrations": [2.00000000,4.00000000,5.00000000,7.00000000,1.00000000,0.00000000,0.00000000,1.00000000,2.00000000,2.00000000,2.00000000,2.00000000,2.00000000,0.00000000,0.00000000,0.00000000,2.00000000,3.00000000,1.00000000,1.00000000,1.00000000],
"L1-dcache-loads": [31806897723.00000000,31814680779.00000000,31803479114.00000000,31803576656.00000000,31815052073.00000000,31811987244.00000000,31803303061.00000000,31816661526.00000000,31807708856.00000000,31801017734.00000000,31800547750.00000000,31811190085.00000000,31807115944.00000000,31808275912.00000000,31806746571.00000000,31809587482.00000000,31752242572.00000000,31806669275.00000000,31794359631.00000000,31806132466.00000000,31814927114.00000000],
"L1-dcache-load-misses": [1549794217.00000000,1544865653.00000000,1546049651.00000000,1547717938.00000000,1551898436.00000000,1592866046.00000000,1554673158.00000000,1576903376.00000000,1552387584.00000000,1556628185.00000000,1555960711.00000000,1552697226.00000000,1564010972.00000000,1565517871.00000000,1591526238.00000000,1562416991.00000000,1551467762.00000000,1563685368.00000000,1547494757.00000000,1577035073.00000000,1577809422.00000000],
"dTLB-loads": [373504265.00000000,374270152.00000000,371552784.00000000,373913026.00000000,375646616.00000000,374670054.00000000,380844335.00000000,373575569.00000000,378726644.00000000,374225132.00000000,371601824.00000000,371819286.00000000,372494359.00000000,375075239.00000000,374668719.00000000,374450569.00000000,374830135.00000000,374674446.00000000,374911490.00000000,374758258.00000000,376695540.00000000],
"dTLB-load-misses": [9957358.00000000,9008509.00000000,9575001.00000000,10292103.00000000,9740446.00000000,9018214.00000000,9559936.00000000,8972796.00000000,9224923.00000000,9051929.00000000,9406185.00000000,9602342.00000000,8888496.00000000,10177572.00000000,9133963.00000000,9119206.00000000,9819281.00000000,9492084.00000000,9500803.00000000,9322681.00000000,10159346.00000000],
"weights": [27986620335.00000000,27733031916.00000000,27700189666.00000000,27731570714.00000000,27586271209.00000000,28269359302.00000000,27609683776.00000000,27941171420.00000000,27623185079.00000000,27651725963.00000000,27918200047.00000000,27991067481.00000000,27793193240.00000000,27600088445.00000000,27552491828.00000000,27763546596.00000000,27834037773.00000000,27857746704.00000000,27738642964.00000000,27570163030.00000000,27439175441.00000000],
"energy": [71117157.00000000,71060671.00000000,71094789.00000000,71191753.00000000,71150770.00000000,71101243.00000000,71857490.00000000,71085633.00000000,71200313.00000000,71258476.00000000,71158612.00000000,71186474.00000000,71378786.00000000,71330052.00000000,71245781.00000000,71108215.00000000,71175793.00000000,71269355.00000000,71413147.00000000,71153746.00000000,71059863.00000000]
}
