{
"time": 9.49,
"perf_time": 9.56728301,
"instructions": 78098272561.00000000,
"cycles": 38524470434.00000000,
"cache-references": 2473127853.00000000,
"cache-misses": 448608596.00000000,
"branches": 17150105530.00000000,
"branch-misses": 134464693.00000000,
"cpu-clock": 9.52352104,
"task-clock": 9.52832490,
"faults": 206363.00000000,
"minor-faults": 206294.00000000,
"major-faults": 68.00000000,
"cs": 137.00000000,
"migrations": 2.00000000,
"L1-dcache-loads": 31806897723.00000000,
"L1-dcache-load-misses": 1555960711.00000000,
"dTLB-loads": 374668719.00000000,
"dTLB-load-misses": 9492084.00000000,
"weights": 27733031916.00000000,
"energy": 71175793.00000000
}
