{
    "time": 0.435310258278897,
    "perf_time": 0.3547927530727622,
    "instructions": 0.0023591989707715854,
    "cycles": 0.18413541523754487,
    "cache-references": 3.013414062239855,
    "cache-misses": 0.43434476264626887,
    "branches": 0.0014625930382417694,
    "branch-misses": 0.04698411994724244,
    "cpu-clock": 0.5991662763349509,
    "task-clock": 0.38628871182822905,
    "faults": 0.004690118070187867,
    "minor-faults": 0.002952296776606848,
    "major-faults": 0.7323682061602018,
    "cs": 27.09459103191607,
    "migrations": 95.89930083309788,
    "L1-dcache-loads": 0.040648065946403765,
    "L1-dcache-load-misses": 0.9002599855315747,
    "dTLB-loads": 0.56881868510216,
    "dTLB-load-misses": 4.381083815639837,
    "weights": 0.6737138415639032,
    "energy": 0.24218227678248616
}