{
    "time": 1.0,
    "perf_time": 1.0236106949685535,
    "instructions": 12211554523.113207,
    "cycles": 9421344004.245283,
    "cache-references": 827894784.7484276,
    "cache-misses": 175008480.97484276,
    "branches": 2221999800.3144655,
    "branch-misses": 73917061.47798742,
    "cpu-clock": 1.042219391509434,
    "task-clock": 1.0481359355345912,
    "faults": 39092.13836477987,
    "minor-faults": 39280.345911949684,
    "major-faults": 14.937106918238992,
    "cs": 2353.301886792453,
    "migrations": 60.53459119496855,
    "L1-dcache-loads": 5981722445.125786,
    "L1-dcache-load-misses": 404442773.7421383,
    "dTLB-loads": 57869030.66037735,
    "dTLB-load-misses": 3095998.899371069,
    "weights": 1161235481.9182389,
    "energy": 13103239.3081761
}