{
"time": [9.38,6.36,6.21,6.40,6.38,6.36,6.49,6.30,6.48,6.41,6.55,6.38,6.34,6.41,6.31,6.42,6.26,6.35,6.23,6.26,6.36],
"perf_time": [6.44262666,6.41650681,6.50868425,6.52800546,6.35625717,6.48902723,6.37859615,6.51016402,6.65310182,6.55826537,6.43767608,6.54936343,6.61345566,6.40362529,6.49226743,6.62602716,6.56245115,6.46157736,6.63157455,6.56020196,6.65013989],
"instructions": [80101001605.00000000,78662390192.00000000,79462040660.00000000,76613462317.00000000,77668867081.00000000,78389497395.00000000,75787286639.00000000,76104856527.00000000,78268134144.00000000,77665486767.00000000,77215554736.00000000,76178727026.00000000,76796584969.00000000,75207342966.00000000,78133438491.00000000,78121018405.00000000,77343256371.00000000,77646031625.00000000,78762981706.00000000,76892471998.00000000,78403286259.00000000],
"cycles": [59791915544.00000000,58710654894.00000000,58269760423.00000000,60116294206.00000000,59185952145.00000000,59740966811.00000000,58930976459.00000000,60147890631.00000000,59995085292.00000000,60259145680.00000000,60249050872.00000000,61523427655.00000000,58467906856.00000000,59032830289.00000000,61517547610.00000000,60200918093.00000000,60042569121.00000000,59919747867.00000000,61412016324.00000000,59079262643.00000000,59298865618.00000000],
"cache-references": [5286520713.00000000,5266339893.00000000,5150678137.00000000,5363661889.00000000,5265410831.00000000,5192562644.00000000,5310853616.00000000,5129958951.00000000,5314398238.00000000,5210087159.00000000,5201074762.00000000,5213297259.00000000,5198223253.00000000,5182054516.00000000,5236778075.00000000,5277146551.00000000,5146304794.00000000,5358725893.00000000,5267752730.00000000,5372021642.00000000,5388215764.00000000],
"cache-misses": [1076814095.00000000,1112476476.00000000,1120307001.00000000,1109927907.00000000,1101297590.00000000,1092699833.00000000,1142648789.00000000,1108651109.00000000,1124810468.00000000,1113053939.00000000,1120419978.00000000,1087855611.00000000,1124076308.00000000,1114933091.00000000,1128800588.00000000,1076973462.00000000,1101843038.00000000,1080651333.00000000,1133406397.00000000,1116741757.00000000,1113161982.00000000],
"branches": [14395646353.00000000,14014589271.00000000,14224589354.00000000,14444430501.00000000,14221958420.00000000,14509085970.00000000,14131918730.00000000,13863382730.00000000,13864312303.00000000,14104299133.00000000,13509863997.00000000,13578099902.00000000,14295571752.00000000,13998921325.00000000,14294445641.00000000,14502346502.00000000,14163806853.00000000,13551301301.00000000,14094786931.00000000,14028560574.00000000,14338496780.00000000],
"branch-misses": [466279501.00000000,464150967.00000000,473431787.00000000,479482451.00000000,471806885.00000000,469686012.00000000,467804834.00000000,469918098.00000000,468605667.00000000,472811722.00000000,478367899.00000000,469149698.00000000,470112511.00000000,471495319.00000000,468698150.00000000,469607986.00000000,477990135.00000000,465073202.00000000,471026129.00000000,473867701.00000000,484149171.00000000],
"cpu-clock": [6.56513796,6.59653078,6.68773399,6.72277256,6.62518571,6.85542394,6.63231014,6.66454742,6.77711059,6.62851533,6.57814784,6.57272838,6.70856603,6.66552859,6.59397645,6.62501168,6.74396274,6.59552015,6.59671528,6.59496371,6.70710239],
"task-clock": [6.74477693,6.59527987,6.67120775,6.56786566,6.66614455,6.74492889,6.63271457,6.68711821,6.64249473,6.59125716,6.60501853,6.56856014,6.70079324,6.49513274,6.71373257,6.49670047,6.72926597,6.63372410,6.68326975,6.74500183,6.68672021],
"faults": [249128.00000000,254426.00000000,252813.00000000,247512.00000000,246720.00000000,248821.00000000,247808.00000000,249331.00000000,246218.00000000,248896.00000000,250176.00000000,240943.00000000,252201.00000000,248626.00000000,246002.00000000,240087.00000000,245659.00000000,249694.00000000,248625.00000000,248677.00000000,247360.00000000],
"minor-faults": [247032.00000000,253082.00000000,239940.00000000,236397.00000000,252835.00000000,249573.00000000,244512.00000000,249749.00000000,246030.00000000,251248.00000000,252123.00000000,255568.00000000,256062.00000000,252304.00000000,251675.00000000,235883.00000000,242380.00000000,245654.00000000,249823.00000000,250254.00000000,250988.00000000],
"major-faults": [95.00000000,95.00000000,95.00000000,95.00000000,95.00000000,95.00000000,95.00000000,95.00000000,95.00000000,95.00000000,95.00000000,95.00000000,95.00000000,95.00000000,95.00000000,95.00000000,95.00000000,95.00000000,95.00000000,95.00000000,95.00000000],
"cs": [15765.00000000,14933.00000000,15147.00000000,14696.00000000,15086.00000000,14826.00000000,15021.00000000,15186.00000000,15010.00000000,15074.00000000,15075.00000000,14967.00000000,14857.00000000,14913.00000000,14794.00000000,14923.00000000,14936.00000000,14858.00000000,15164.00000000,15305.00000000,14902.00000000],
"migrations": [499.00000000,366.00000000,401.00000000,371.00000000,340.00000000,390.00000000,388.00000000,403.00000000,349.00000000,411.00000000,366.00000000,347.00000000,337.00000000,366.00000000,358.00000000,370.00000000,415.00000000,409.00000000,429.00000000,387.00000000,385.00000000],
"L1-dcache-loads": [38471402867.00000000,39031064511.00000000,38607579252.00000000,37746705916.00000000,37766513644.00000000,36890319461.00000000,37839511104.00000000,38203035799.00000000,37616509721.00000000,38983603835.00000000,38012091439.00000000,37755680253.00000000,38043754751.00000000,38286144594.00000000,38981040746.00000000,38241197795.00000000,37782939191.00000000,38081924206.00000000,37586504384.00000000,38201769059.00000000,37658899537.00000000],
"L1-dcache-load-misses": [2499114121.00000000,2567258353.00000000,2471782040.00000000,2541719638.00000000,2531816703.00000000,2567007332.00000000,2626241707.00000000,2567723213.00000000,2593806988.00000000,2604332757.00000000,2595966206.00000000,2612110186.00000000,2644457615.00000000,2572256041.00000000,2576830505.00000000,2537530034.00000000,2543268639.00000000,2612398685.00000000,2610101690.00000000,2547837764.00000000,2639145482.00000000],
"dTLB-loads": [365853034.00000000,374330869.00000000,365336087.00000000,354668566.00000000,366123762.00000000,366425559.00000000,369548142.00000000,361515542.00000000,374853541.00000000,365676521.00000000,369607867.00000000,363855389.00000000,371139575.00000000,371931906.00000000,361329519.00000000,373358192.00000000,373353925.00000000,360457422.00000000,368047035.00000000,376073013.00000000,373635912.00000000],
"dTLB-load-misses": [19573393.00000000,19636313.00000000,19304827.00000000,19690553.00000000,19419343.00000000,19379555.00000000,20057810.00000000,19933283.00000000,19140578.00000000,19475729.00000000,20300234.00000000,20035194.00000000,19518366.00000000,19937510.00000000,19870470.00000000,19807803.00000000,19390527.00000000,20120763.00000000,19782487.00000000,19565702.00000000,19974687.00000000],
"weights": [7468543185.00000000,7385457665.00000000,7461450371.00000000,7474677770.00000000,7607714627.00000000,7321979061.00000000,7238641740.00000000,7549276087.00000000,7288150370.00000000,7193095107.00000000,7267611363.00000000,7416695047.00000000,7391497413.00000000,7193133423.00000000,7332747594.00000000,7199251799.00000000,7245746379.00000000,7527254156.00000000,7542545313.00000000,7253568375.00000000,7482604550.00000000],
"energy": [81919362.00000000,80728445.00000000,83291041.00000000,82820882.00000000,82268130.00000000,82237111.00000000,84870688.00000000,84477412.00000000,83476091.00000000,82640990.00000000,82564136.00000000,84876120.00000000,84596485.00000000,83563992.00000000,83336602.00000000,83458391.00000000,83293361.00000000,84061128.00000000,85362300.00000000,82887650.00000000,83348778.00000000]
}
