{
"time": 6.36,
"perf_time": 6.51016402,
"instructions": 77665486767.00000000,
"cycles": 59919747867.00000000,
"cache-references": 5265410831.00000000,
"cache-misses": 1113053939.00000000,
"branches": 14131918730.00000000,
"branch-misses": 470112511.00000000,
"cpu-clock": 6.62851533,
"task-clock": 6.66614455,
"faults": 248626.00000000,
"minor-faults": 249823.00000000,
"major-faults": 95.00000000,
"cs": 14967.00000000,
"migrations": 385.00000000,
"L1-dcache-loads": 38043754751.00000000,
"L1-dcache-load-misses": 2572256041.00000000,
"dTLB-loads": 368047035.00000000,
"dTLB-load-misses": 19690553.00000000,
"weights": 7385457665.00000000,
"energy": 83336602.00000000
}
