{
    "time": 9.956239192188741,
    "perf_time": 1.3466913040934358,
    "instructions": 1.5425473464101427,
    "cycles": 1.5142367447269773,
    "cache-references": 1.4405049345237695,
    "cache-misses": 1.6071882285734966,
    "branches": 2.0527161218173564,
    "branch-misses": 1.02789292133484,
    "cpu-clock": 1.116291256358997,
    "task-clock": 1.109930267077363,
    "faults": 1.3127257273640769,
    "minor-faults": 2.2465844201991585,
    "major-faults": 0.0,
    "cs": 1.4598458233141545,
    "migrations": 9.311823213534808,
    "L1-dcache-loads": 1.3534676147355023,
    "L1-dcache-load-misses": 1.6940198077605468,
    "dTLB-loads": 1.492167565673777,
    "dTLB-load-misses": 1.5168530639890512,
    "weights": 1.741739816208966,
    "energy": 1.310306473002607
}