{
    "llm": 2.272727272727273,
    "GeneticProgrammingUniformConcat": 3.0,
    "GeneticProgramming1Point": 3.8181818181818183,
    "GeneticProgrammingUniformInter": 4.090909090909091,
    "GeneticProgrammingConcat": 3.5454545454545454,
    "GeneticProgramming2Point": 4.2727272727272725
}