{
    "llm": {
        "average_25_index": 39.81818181818182,
        "average_50_index": 48.27272727272727,
        "average_75_index": 119.0,
        "average_100_index": 209.1818181818182
    },
    "GeneticProgrammingUniformConcat": {
        "average_25_index": 56.45454545454545,
        "average_50_index": 68.54545454545455,
        "average_75_index": 112.27272727272727,
        "average_100_index": 227.27272727272728
    },
    "GeneticProgrammingConcat": {
        "average_25_index": 72.9090909090909,
        "average_50_index": 105.81818181818181,
        "average_75_index": 140.72727272727272,
        "average_100_index": 228.72727272727272
    },
    "GeneticProgramming1Point": {
        "average_25_index": 70.18181818181819,
        "average_50_index": 78.54545454545455,
        "average_75_index": 179.45454545454547,
        "average_100_index": 242.27272727272728
    },
    "GeneticProgramming2Point": {
        "average_25_index": 97.72727272727273,
        "average_50_index": 129.63636363636363,
        "average_75_index": 170.1818181818182,
        "average_100_index": 230.72727272727272
    },
    "GeneticProgrammingUniformInter": {
        "average_25_index": 77.36363636363636,
        "average_50_index": 130.27272727272728,
        "average_75_index": 135.1818181818182,
        "average_100_index": 244.9090909090909
    }
}