item_name,fitness_values_length
energy,257.23636363636365
perf_L1_dcache_loads,397.0
perf_branch_misses,430.8363636363636
perf_branches,392.5090909090909
perf_cache_misses,419.09090909090907
perf_cache_references,451.25454545454545
perf_cpu_clock,375.9818181818182
perf_cycles,426.3454545454546
perf_faults,380.6181818181818
perf_instructions,384.2909090909091
perf_task_clock,386.96363636363634
perf_time,409.25454545454545
time,414.1636363636364
weights,275.09090909090907
