{
    "time": 1.0,
    "perf_time": 1.0027535680190929,
    "instructions": 5992008184.486873,
    "cycles": 4042128755.250596,
    "cache-references": 362542857.04057276,
    "cache-misses": 11366459.785202863,
    "branches": 904743008.9498806,
    "branch-misses": 56828168.019093074,
    "cpu-clock": 1.0026793186157517,
    "task-clock": 1.001086062052506,
    "faults": 359.42720763723145,
    "minor-faults": 358.2338902147971,
    "major-faults": 1.0739856801909307,
    "cs": 21.957040572792362,
    "migrations": 0.35799522673031026,
    "L1-dcache-loads": 4401758727.088305,
    "L1-dcache-load-misses": 183155609.42720762,
    "dTLB-loads": 8398017.899761336,
    "dTLB-load-misses": 74188.06682577565,
    "weights": 20792474.821002387,
    "energy": 8497644.510739855
}