{
"time": [8.47,8.42,8.35,8.33,8.37,8.38,8.35,8.37,8.36,8.34,8.38,8.38,8.40,8.38,8.39,8.46,8.38,8.37,8.38,8.40,8.36],
"perf_time": [8.42376259,8.37324199,8.41751759,8.38332232,8.40435586,8.36975160,8.39664762,8.41806954,8.40565030,8.37948622,8.40307490,8.39013275,8.43307473,8.38369569,8.43591888,8.43659515,8.33346054,8.36868038,8.44748529,8.41765126,8.38402367],
"instructions": [50220336138.00000000,50208612219.00000000,50210910651.00000000,50213222980.00000000,50208149123.00000000,50211675252.00000000,50218429950.00000000,50213028586.00000000,50217485997.00000000,50216674844.00000000,50211115974.00000000,50213031094.00000000,50206057216.00000000,50211033323.00000000,50212910096.00000000,50209977990.00000000,50207771139.00000000,50215242627.00000000,50219424101.00000000,50218434625.00000000,50217263544.00000000],
"cycles": [33851157110.00000000,33808180141.00000000,33807829229.00000000,33735925442.00000000,33979880592.00000000,33830293807.00000000,33897414211.00000000,33971732461.00000000,33825921937.00000000,33873038969.00000000,33835809382.00000000,33923505089.00000000,33795284776.00000000,34216837138.00000000,33882274310.00000000,33899931970.00000000,33904883763.00000000,34218283837.00000000,33849202759.00000000,33849796621.00000000,34170344065.00000000],
"cache-references": [3027069548.00000000,3024659844.00000000,3023026176.00000000,3002455526.00000000,3087663949.00000000,3042198236.00000000,3142320512.00000000,3036872706.00000000,3005550860.00000000,3031121092.00000000,3118252964.00000000,3038109142.00000000,3126732363.00000000,3144619099.00000000,3093149108.00000000,2987622273.00000000,3011722322.00000000,3054772449.00000000,3111329000.00000000,3015662768.00000000,3088225223.00000000],
"cache-misses": [90714848.00000000,87175357.00000000,100312319.00000000,112683513.00000000,95399609.00000000,92977249.00000000,97967865.00000000,93571977.00000000,86226757.00000000,129660881.00000000,93313846.00000000,95250933.00000000,92043162.00000000,113379111.00000000,93862970.00000000,104721844.00000000,94757821.00000000,95259014.00000000,107602493.00000000,95444569.00000000,94326593.00000000],
"branches": [7581237325.00000000,7581601264.00000000,7581746415.00000000,7581463188.00000000,7581617798.00000000,7583604731.00000000,7582086306.00000000,7580642777.00000000,7581922676.00000000,7580614001.00000000,7581905561.00000000,7581765543.00000000,7580479314.00000000,7580962720.00000000,7582587117.00000000,7581735617.00000000,7580357354.00000000,7582578751.00000000,7582542005.00000000,7582783584.00000000,7582056360.00000000],
"branch-misses": [476128095.00000000,476238764.00000000,475799733.00000000,475570764.00000000,476013319.00000000,476778750.00000000,476201229.00000000,476287026.00000000,476429955.00000000,476181392.00000000,476733964.00000000,476997710.00000000,476070383.00000000,476481464.00000000,476461636.00000000,476071382.00000000,476269071.00000000,476353694.00000000,476220048.00000000,475903738.00000000,476000666.00000000],
"cpu-clock": [8.41315453,8.40392627,8.40343668,8.42466801,8.39729714,8.35839136,8.35688048,8.41169031,8.37139699,8.41343222,8.40773681,8.39296698,8.37115345,8.39453569,8.35537443,8.40245269,8.36149329,8.42991923,8.44329803,8.41075095,8.32804071],
"task-clock": [8.33759046,8.41482926,8.32825764,8.36318987,8.51122265,8.38394454,8.40069338,8.38696035,8.40188578,8.37309169,8.42671024,8.40962923,8.38157014,8.37651119,8.46817850,8.44440907,8.37213892,8.44570993,8.38910120,8.37740439,8.39710668],
"faults": [3015.00000000,3008.00000000,3017.00000000,3013.00000000,3015.00000000,3012.00000000,3007.00000000,3011.00000000,3017.00000000,3013.00000000,3009.00000000,3010.00000000,3012.00000000,3009.00000000,3009.00000000,3015.00000000,3017.00000000,3010.00000000,3008.00000000,3017.00000000,3014.00000000],
"minor-faults": [3000.00000000,3007.00000000,2998.00000000,3005.00000000,3001.00000000,3002.00000000,3003.00000000,3003.00000000,3006.00000000,3001.00000000,3000.00000000,3000.00000000,2997.00000000,3008.00000000,3002.00000000,3006.00000000,3001.00000000,3010.00000000,3002.00000000,3003.00000000,3002.00000000],
"major-faults": [9.00000000,9.00000000,9.00000000,9.00000000,9.00000000,9.00000000,9.00000000,9.00000000,9.00000000,9.00000000,9.00000000,9.00000000,9.00000000,9.00000000,9.00000000,9.00000000,9.00000000,9.00000000,9.00000000,9.00000000,9.00000000],
"cs": [157.00000000,288.00000000,606.00000000,204.00000000,281.00000000,137.00000000,195.00000000,140.00000000,172.00000000,184.00000000,154.00000000,145.00000000,169.00000000,451.00000000,144.00000000,358.00000000,183.00000000,215.00000000,199.00000000,155.00000000,563.00000000],
"migrations": [7.00000000,3.00000000,3.00000000,0.00000000,3.00000000,6.00000000,2.00000000,5.00000000,2.00000000,4.00000000,1.00000000,4.00000000,6.00000000,8.00000000,9.00000000,2.00000000,4.00000000,1.00000000,2.00000000,3.00000000,4.00000000],
"L1-dcache-loads": [36945273545.00000000,36880455983.00000000,36822800290.00000000,36905228900.00000000,36882851910.00000000,36867761544.00000000,36884040531.00000000,36866770322.00000000,36931128592.00000000,36895979993.00000000,36793338048.00000000,37014062365.00000000,36837319658.00000000,36886738133.00000000,36991460392.00000000,36876653351.00000000,36687197939.00000000,36919183378.00000000,36916014292.00000000,36910648315.00000000,36896715789.00000000],
"L1-dcache-load-misses": [1538332636.00000000,1579731768.00000000,1586421913.00000000,1542887578.00000000,1544542392.00000000,1557547316.00000000,1514887855.00000000,1468004371.00000000,1528306080.00000000,1498471611.00000000,1562057201.00000000,1534844007.00000000,1524981281.00000000,1522453031.00000000,1521670850.00000000,1521899952.00000000,1526926297.00000000,1579310434.00000000,1562357903.00000000,1564139597.00000000,1497373386.00000000],
"dTLB-loads": [69942326.00000000,69317996.00000000,69840732.00000000,69939245.00000000,69238146.00000000,71638655.00000000,70870148.00000000,70619120.00000000,69968570.00000000,71054749.00000000,69914322.00000000,70396298.00000000,71488559.00000000,70383165.00000000,70375390.00000000,67522044.00000000,69301772.00000000,71111488.00000000,69505552.00000000,70649602.00000000,71105030.00000000],
"dTLB-load-misses": [559167.00000000,649626.00000000,614596.00000000,621696.00000000,648165.00000000,631033.00000000,813060.00000000,603383.00000000,650942.00000000,548133.00000000,599862.00000000,747742.00000000,610039.00000000,599623.00000000,886486.00000000,757439.00000000,569559.00000000,628726.00000000,623214.00000000,504510.00000000,575602.00000000],
"weights": [183211666.00000000,176411510.00000000,168603527.00000000,181268422.00000000,174240939.00000000,171095761.00000000,161855610.00000000,163878795.00000000,213073673.00000000,153499095.00000000,191654683.00000000,198682222.00000000,187832186.00000000,189391618.00000000,175505878.00000000,172580072.00000000,184198668.00000000,168815077.00000000,169800126.00000000,172889815.00000000,164886351.00000000],
"energy": [70666619.00000000,71150510.00000000,70694815.00000000,72241839.00000000,70988028.00000000,71121825.00000000,71186382.00000000,70903865.00000000,71617313.00000000,71305715.00000000,71703369.00000000,72098323.00000000,71024373.00000000,71210261.00000000,71843224.00000000,70812058.00000000,71354693.00000000,72048535.00000000,70679878.00000000,71861976.00000000,71535851.00000000]
}
