{
"time": 8.38,
"perf_time": 8.40307490,
"instructions": 50213028586.00000000,
"cycles": 33873038969.00000000,
"cache-references": 3038109142.00000000,
"cache-misses": 95250933.00000000,
"branches": 7581746415.00000000,
"branch-misses": 476220048.00000000,
"cpu-clock": 8.40245269,
"task-clock": 8.38910120,
"faults": 3012.00000000,
"minor-faults": 3002.00000000,
"major-faults": 9.00000000,
"cs": 184.00000000,
"migrations": 3.00000000,
"L1-dcache-loads": 36886738133.00000000,
"L1-dcache-load-misses": 1534844007.00000000,
"dTLB-loads": 70375390.00000000,
"dTLB-load-misses": 621696.00000000,
"weights": 174240939.00000000,
"energy": 71210261.00000000
}
