{
    "time": 0.40268253940846516,
    "perf_time": 0.32771447546978233,
    "instructions": 0.008119952463101428,
    "cycles": 0.387295392757052,
    "cache-references": 1.574541097826684,
    "cache-misses": 10.0990527272388,
    "branches": 0.01071127033524529,
    "branch-misses": 0.06804381908649047,
    "cpu-clock": 0.3391389020177884,
    "task-clock": 0.49265711826693875,
    "faults": 0.10849132085600866,
    "minor-faults": 0.10638317605498784,
    "major-faults": 0.0,
    "cs": 55.57774566450846,
    "migrations": 61.336918681446676,
    "L1-dcache-loads": 0.1790215580194048,
    "L1-dcache-load-misses": 1.8987902509687429,
    "dTLB-loads": 1.3042066754080905,
    "dTLB-load-misses": 13.879828365977323,
    "weights": 7.5218672206553014,
    "energy": 0.6692372370756529
}