{
    "original": {
        "median_execution_time": 6.1557493289992635,
        "search_type": "genetic_programming"
    },
    "items": [
        {
            "item_name": "time",
            "median_execution_time": 4.544863785000416,
            "duration": 1620.2901935049995,
            "patch_contents": "SrcmlStmtDeletion(('org.sat4j.core/src/main/java/org/sat4j/minisat/core/Solver.java.xml', 'stmt', 765)) | SrcmlStmtDeletion(('org.sat4j.core/src/main/java/org/sat4j/minisat/core/Solver.java.xml', 'stmt', 196)) | SrcmlStmtDeletion(('org.sat4j.core/src/main/java/org/sat4j/minisat/core/Solver.java.xml', 'stmt', 763)) | SrcmlStmtDeletion(('org.sat4j.core/src/main/java/org/sat4j/minisat/core/Solver.java.xml', 'stmt', 672)) | SrcmlStmtInsertion(('org.sat4j.core/src/main/java/org/sat4j/minisat/core/Solver.java.xml', '_inter_block', 695), ('org.sat4j.core/src/main/java/org/sat4j/minisat/core/Solver.java.xml', 'stmt', 1004))\n",
            "number_of_retries": 1,
            "crossover": "llm",
            "number_of_steps": 120,
            "best_fitness": 4.4005,
            "reference_fitness": 6.0386,
            "params": false,
            "fitness_values": [
                6.2558,
                6.121,
                6.2734,
                6.3283,
                7.1206,
                6.3119,
                6.3852,
                6.121,
                6.2558,
                6.2734,
                6.3119,
                6.3906,
                6.2503,
                6.3906,
                6.2066,
                6.2503,
                6.197,
                6.197,
                6.1232,
                6.0386,
                6.0386,
                6.1276,
                6.2775,
                6.0386,
                6.121,
                6.1232,
                6.1276,
                6.4018,
                6.2847,
                6.1232,
                6.275,
                6.2479,
                6.2096,
                6.2459,
                6.2233,
                6.4135,
                6.0386,
                6.4286,
                6.3585,
                6.0386,
                6.121,
                6.1232,
                6.1276,
                6.2459,
                6.2479,
                6.1232,
                6.2479,
                6.2479,
                6.4624,
                6.2479,
                6.2459,
                6.1547,
                6.0386,
                6.0386,
                6.121,
                6.1232,
                6.1276,
                6.2459,
                6.2459,
                6.2479,
                6.1232,
                6.2459,
                6.2479,
                6.2459,
                6.4439,
                6.0386,
                6.0386,
                6.1206,
                6.0325,
                6.0325,
                6.0386,
                6.1206,
                6.121,
                6.3314,
                6.3377,
                6.0602,
                6.2929,
                6.2761,
                6.1001,
                6.2226,
                6.396,
                6.0386,
                4.6898,
                6.0386,
                6.3269,
                4.6898,
                6.0325,
                6.0386,
                6.0602,
                6.4435,
                4.4005,
                6.0602,
                4.5471,
                6.1001,
                6.1001,
                4.6163,
                4.5444,
                6.1206,
                6.0386,
                4.4005,
                4.5444,
                4.5471,
                4.6163,
                4.5471,
                4.6163,
                4.6163,
                4.5781,
                4.5471,
                4.5017,
                4.6163,
                4.6163,
                4.5492,
                4.5471,
                6.0275,
                4.4005,
                4.5017,
                4.5444,
                4.5471,
                4.5781,
                4.6027,
                4.4693,
                4.5017,
                4.4644,
                4.4644,
                4.5017,
                4.4005,
                4.5686,
                4.5357,
                6.0332,
                4.4005,
                4.4644,
                4.6482,
                4.5017,
                4.451,
                4.4644,
                4.4005,
                4.4005,
                4.4505,
                4.451,
                4.4644,
                4.5975,
                4.4919,
                4.5017,
                4.5426,
                6.231,
                4.4005,
                4.4505,
                4.451,
                4.4644,
                4.4505,
                4.451,
                4.451,
                4.4505,
                4.451,
                4.4973,
                4.4952,
                4.5422,
                4.4898,
                4.5171,
                4.5046
            ],
            "new_highs": 5,
            "new_highs_ratio": 0.03125
        }
    ]
}