{
    "time": 1.0,
    "perf_time": 1.010841361038961,
    "instructions": 4632690812.467532,
    "cycles": 4074465585.9740257,
    "cache-references": 250244603.37662336,
    "cache-misses": 63177949.090909086,
    "branches": 687615960.7792208,
    "branch-misses": 81858729.6103896,
    "cpu-clock": 1.0025129246753246,
    "task-clock": 1.014562903896104,
    "faults": 2902.077922077922,
    "minor-faults": 2897.402597402597,
    "major-faults": 3.6363636363636362,
    "cs": 20.25974025974026,
    "migrations": 0.0,
    "L1-dcache-loads": 2567977020.7792206,
    "L1-dcache-load-misses": 178747770.38961038,
    "dTLB-loads": 60122745.45454545,
    "dTLB-load-misses": 174394.02597402598,
    "weights": 2702463818.7012987,
    "energy": 8076194.285714285
}