{
"time": [6.50,4.34,3.96,3.85,3.83,3.99,3.83,3.82,3.96,3.88,3.86,3.85,3.82,3.82,3.82,3.83,4.06,3.83,3.82,3.87,4.00],
"perf_time": [3.93947205,3.85668409,3.90247455,3.82752899,3.89173924,3.86902134,3.83116513,3.97755399,3.96634565,3.83387435,3.87362262,4.02092047,3.96885386,3.87368436,4.01395799,3.96121909,3.94143858,3.88693423,3.83452003,3.84231446,3.99506550],
"instructions": [17835937947.00000000,17835181084.00000000,17835480979.00000000,17835682519.00000000,17836043817.00000000,17835569816.00000000,17835340879.00000000,17835931007.00000000,17835291200.00000000,17834840656.00000000,17835697683.00000000,17836343669.00000000,17835634055.00000000,17836724596.00000000,17836260482.00000000,17835859628.00000000,17836376936.00000000,17836835276.00000000,17836067753.00000000,17836096929.00000000,17835078551.00000000],
"cycles": [15714029720.00000000,15681468152.00000000,15680598109.00000000,15681103017.00000000,15700076874.00000000,15705385097.00000000,15686692506.00000000,15675190638.00000000,15668309999.00000000,15679531528.00000000,15693201046.00000000,15687902029.00000000,15695181988.00000000,15684092758.00000000,15687526569.00000000,15693411748.00000000,15667874000.00000000,15698221576.00000000,15715465380.00000000,15646262346.00000000,15683443892.00000000],
"cache-references": [992840344.00000000,957609870.00000000,924764883.00000000,972938540.00000000,981712876.00000000,974131472.00000000,939546059.00000000,963441723.00000000,917505371.00000000,960635838.00000000,970470210.00000000,990339587.00000000,963632162.00000000,1009859854.00000000,939230887.00000000,921941411.00000000,1003139427.00000000,977846147.00000000,936960096.00000000,942172344.00000000,918933870.00000000],
"cache-misses": [262040566.00000000,232576059.00000000,243904023.00000000,243235104.00000000,233624443.00000000,239947765.00000000,247771819.00000000,243692659.00000000,243521081.00000000,239871079.00000000,245711097.00000000,243356002.00000000,243946931.00000000,242383691.00000000,242528841.00000000,243241087.00000000,240907812.00000000,246166822.00000000,241576366.00000000,240990430.00000000,241943333.00000000],
"branches": [2647372129.00000000,2647321449.00000000,2647410418.00000000,2647540003.00000000,2647226709.00000000,2647282760.00000000,2647324690.00000000,2647420664.00000000,2647309761.00000000,2647143544.00000000,2647218479.00000000,2647295157.00000000,2647288177.00000000,2647454360.00000000,2647409568.00000000,2647314955.00000000,2647417939.00000000,2647287027.00000000,2647386366.00000000,2647379674.00000000,2647297299.00000000],
"branch-misses": [315148299.00000000,315156109.00000000,315180542.00000000,315161766.00000000,315179091.00000000,315075977.00000000,315136904.00000000,315102385.00000000,315253028.00000000,315192023.00000000,315272557.00000000,314998088.00000000,315036217.00000000,315112226.00000000,315220619.00000000,315143938.00000000,315053165.00000000,315267346.00000000,315053690.00000000,315227408.00000000,315177944.00000000],
"cpu-clock": [3.90150676,3.94021070,3.81663584,3.82994717,3.81637338,3.83544927,3.83224991,3.92502944,3.85967476,3.91015653,4.05346378,3.98257236,3.82978081,3.97874059,3.84851476,4.05530905,3.93607903,3.90796617,3.81686367,3.82830045,3.80499295],
"task-clock": [3.81206487,3.94520756,3.86482730,4.01967869,3.94231704,4.04419235,3.84447541,3.81590949,3.81548653,3.99640743,3.96471269,4.00059177,3.87048333,3.80998598,3.97320525,3.91498207,3.88887058,3.85055405,4.01518629,3.88939677,3.90606718],
"faults": [11207.00000000,11188.00000000,11187.00000000,11174.00000000,11172.00000000,11190.00000000,11170.00000000,11169.00000000,11169.00000000,11191.00000000,11152.00000000,11169.00000000,11167.00000000,11190.00000000,11206.00000000,11153.00000000,11149.00000000,11206.00000000,11208.00000000,11169.00000000,11173.00000000],
"minor-faults": [11154.00000000,11135.00000000,11174.00000000,11154.00000000,11140.00000000,11159.00000000,11149.00000000,11157.00000000,11192.00000000,11140.00000000,11174.00000000,11155.00000000,11179.00000000,11154.00000000,11155.00000000,11173.00000000,11155.00000000,11154.00000000,11174.00000000,11176.00000000,11153.00000000],
"major-faults": [14.00000000,14.00000000,14.00000000,14.00000000,14.00000000,14.00000000,14.00000000,14.00000000,14.00000000,14.00000000,14.00000000,14.00000000,14.00000000,14.00000000,14.00000000,14.00000000,14.00000000,14.00000000,14.00000000,14.00000000,14.00000000],
"cs": [84.00000000,76.00000000,98.00000000,70.00000000,119.00000000,96.00000000,71.00000000,85.00000000,68.00000000,75.00000000,71.00000000,91.00000000,129.00000000,76.00000000,76.00000000,81.00000000,78.00000000,140.00000000,75.00000000,78.00000000,77.00000000],
"migrations": [4.00000000,1.00000000,0.00000000,1.00000000,0.00000000,0.00000000,0.00000000,0.00000000,0.00000000,1.00000000,1.00000000,0.00000000,0.00000000,0.00000000,0.00000000,1.00000000,0.00000000,0.00000000,0.00000000,0.00000000,0.00000000],
"L1-dcache-loads": [9901304948.00000000,9879812533.00000000,9879514970.00000000,9892565033.00000000,9883113865.00000000,9886350580.00000000,9881030758.00000000,9886010575.00000000,9891324452.00000000,9881642571.00000000,9882809166.00000000,9887479153.00000000,9888503517.00000000,9889508740.00000000,9877404136.00000000,9887128980.00000000,9893183552.00000000,9886711530.00000000,9891590830.00000000,9886103248.00000000,9888835532.00000000],
"L1-dcache-load-misses": [727146570.00000000,685116270.00000000,706366290.00000000,688343158.00000000,665278574.00000000,713352615.00000000,677903558.00000000,681712587.00000000,698299079.00000000,700826929.00000000,697046946.00000000,669560608.00000000,688178916.00000000,687099418.00000000,691503225.00000000,660721046.00000000,688083203.00000000,707745095.00000000,697607064.00000000,680881439.00000000,673610518.00000000],
"dTLB-loads": [230820974.00000000,231833770.00000000,229901792.00000000,231237059.00000000,229793623.00000000,231645282.00000000,231970800.00000000,230245365.00000000,232004693.00000000,230324304.00000000,231472570.00000000,231720082.00000000,231488077.00000000,230715725.00000000,231670143.00000000,231419454.00000000,230145410.00000000,231818185.00000000,230048643.00000000,231665124.00000000,231701327.00000000],
"dTLB-load-misses": [640752.00000000,664477.00000000,713974.00000000,730882.00000000,640952.00000000,688133.00000000,752458.00000000,714916.00000000,628567.00000000,664029.00000000,645082.00000000,692291.00000000,635732.00000000,751743.00000000,645109.00000000,640333.00000000,671417.00000000,740643.00000000,656739.00000000,701451.00000000,707562.00000000],
"weights": [10537743804.00000000,10404485702.00000000,10314687694.00000000,10246482894.00000000,10288381490.00000000,10420918189.00000000,10642538967.00000000,10331673227.00000000,10438731502.00000000,10659605136.00000000,10295255477.00000000,10500126344.00000000,10537121073.00000000,10266021237.00000000,10512868595.00000000,10396456527.00000000,10192358007.00000000,10439449487.00000000,10249041105.00000000,10340913943.00000000,10571382577.00000000],
"energy": [30621021.00000000,30958437.00000000,30949861.00000000,30984589.00000000,30956879.00000000,30958085.00000000,31113396.00000000,31134346.00000000,31170874.00000000,31136909.00000000,31124245.00000000,31093348.00000000,31116707.00000000,31111107.00000000,31057507.00000000,31024167.00000000,31095682.00000000,31138511.00000000,31100793.00000000,31087412.00000000,31088068.00000000]
}
