{
"time": 3.85,
"perf_time": 3.89173924,
"instructions": 17835859628.00000000,
"cycles": 15686692506.00000000,
"cache-references": 963441723.00000000,
"cache-misses": 243235104.00000000,
"branches": 2647321449.00000000,
"branch-misses": 315156109.00000000,
"cpu-clock": 3.85967476,
"task-clock": 3.90606718,
"faults": 11173.00000000,
"minor-faults": 11155.00000000,
"major-faults": 14.00000000,
"cs": 78.00000000,
"migrations": 0.00000000,
"L1-dcache-loads": 9886711530.00000000,
"L1-dcache-load-misses": 688178916.00000000,
"dTLB-loads": 231472570.00000000,
"dTLB-load-misses": 671417.00000000,
"weights": 10404485702.00000000,
"energy": 31093348.00000000
}
