{
    "time": 14.06446264435691,
    "perf_time": 1.6098955111503406,
    "instructions": 0.002873373162042121,
    "cycles": 0.0985677954680396,
    "cache-references": 2.832263905737311,
    "cache-misses": 2.259790267091169,
    "branches": 0.003308100775785932,
    "branch-misses": 0.02388083508872694,
    "cpu-clock": 1.9474444757390914,
    "task-clock": 1.8950220124933252,
    "faults": 0.15923142977384044,
    "minor-faults": 0.12704380570888835,
    "major-faults": 0.0,
    "cs": 22.49754016252686,
    "migrations": 210.81851067789196,
    "L1-dcache-loads": 0.055118034529205315,
    "L1-dcache-load-misses": 2.302566640297824,
    "dTLB-loads": 0.31922403016038836,
    "dTLB-load-misses": 5.824348468595868,
    "weights": 1.2653608483253709,
    "energy": 0.37766081286681275
}